num_taxis,num_ods,total_time
5.0,5.0,98.8867393236
10.0,10.0,205.223844614
20.0,20.0,355.468121007
50.0,50.0,743.967084831
100.0,100.0,1567.97094478
