num_taxis,num_ods,avg_wait
5.0,6.0,12.4039966729
10.0,15.0,7.15053322604
20.0,25.0,4.63700850537
50.0,60.0,2.73081814298
100.0,120.0,2.51947301278
