num_taxis,num_ods,avg_wait
5.0,6.0,12.3825531333
10.0,15.0,7.08663648667
20.0,25.0,4.533556444
50.0,60.0,2.7308185675
100.0,120.0,2.50491979417
