num_taxis,num_ods,total_time
5.0,5.0,103.097423714
10.0,10.0,209.928674382
20.0,20.0,367.015229994
50.0,50.0,802.759981134
100.0,100.0,1758.58171649
