num_taxis,num_ods,total_time
5.0,5.0,102.341014
10.0,10.0,208.6306119
20.0,20.0,367.01521615
50.0,50.0,801.89167595
100.0,100.0,1755.58795465
